{"cameraMode":{"drawMode":0,"name":"Shaded","section":"Shading Mode"},"sceneLighting":true,"audioPlay":false,"sceneViewState":{"m_AlwaysRefresh":false,"showFog":true,"showSkybox":true,"showFlares":true,"showImageEffects":true,"showParticleSystems":true,"showVisualEffectGraphs":true,"m_FxEnabled":true},"in2DMode":false,"pivot":{"x":0.45760416984558108,"y":3.8228111267089845,"z":-1.9136888980865479},"rotation":{"x":-0.048607196658849719,"y":0.9416357278823853,"z":-0.15534859895706178,"w":-0.2946978211402893},"size":16.7380313873291,"orthographic":true}